specification,record,subject_id,lead,tau_s,baseline_cv_r2
sta_individualized,s20011,s2001,0,10.0,0.4733790246021569
sta_individualized,s20011,s2001,1,10.0,0.4692837117822919
sta_individualized,s20021,s2002,0,10.0,-0.1389925323544018
sta_individualized,s20021,s2002,1,10.0,-0.488021223692879
sta_individualized,s20031,s2003,0,10.0,-0.0487525501151759
sta_individualized,s20031,s2003,1,10.0,-0.208480394828416
sta_individualized,s20041,s2004,0,240.0,0.1416654539980246
sta_individualized,s20041,s2004,1,120.0,0.1767130086944524
sta_individualized,s20051,s2005,0,60.0,0.6337785018723202
sta_individualized,s20061,s2006,0,60.0,0.3358112313446926
sta_individualized,s20071,s2007,0,30.0,0.0828837841511308
sta_individualized,s20071,s2007,1,15.0,0.1110335250659093
sta_individualized,s20081,s2008,0,45.0,0.4147798557231413
sta_individualized,s20081,s2008,1,45.0,0.4965412624483555
sta_individualized,s20091,s2009,0,20.0,0.6215503562560281
sta_individualized,s20091,s2009,1,20.0,0.7150291343852161
sta_individualized,s20101,s2010,0,240.0,0.058401561161262
sta_individualized,s20101,s2010,1,300.0,-0.0204058940069864
sta_individualized,s20111,s2011,0,30.0,0.4147574673818021
sta_individualized,s20111,s2011,1,10.0,0.3047855963869454
sta_individualized,s20121,s2012,0,10.0,-0.6279151816899227
sta_individualized,s20131,s2013,0,60.0,0.6516962513906224
sta_individualized,s20131,s2013,1,45.0,0.2851839567686539
sta_individualized,s20141,s2014,0,10.0,0.0834055833306558
sta_individualized,s20141,s2014,1,30.0,0.3808718060434031
sta_individualized,s20151,s2015,1,20.0,-0.1022295893223301
sta_individualized,s20161,s2016,0,90.0,-0.1450281777403007
sta_individualized,s20161,s2016,1,150.0,0.0734114907364458
sta_individualized,s20171,s2017,0,10.0,0.234821612225265
sta_individualized,s20171,s2017,1,10.0,0.4734626136420557
sta_individualized,s20181,s2018,1,45.0,0.5220754203186077
sta_individualized,s20191,s2019,0,10.0,0.0849911023945821
sta_individualized,s20191,s2019,1,10.0,0.0622268872113964
sta_individualized,s20201,s2020,0,60.0,0.4121978426084581
sta_individualized,s20211,s2021,0,30.0,0.5193163221987042
sta_individualized,s20211,s2021,1,30.0,0.5896182551817299
sta_individualized,s20221,s2022,0,150.0,-0.4678264748379558
sta_individualized,s20231,s2023,0,15.0,0.5737321164696573
sta_individualized,s20231,s2023,1,20.0,0.7153706207026249
sta_individualized,s20241,s2024,0,45.0,0.4830496227473895
sta_individualized,s20241,s2024,1,20.0,0.4390138950269808
sta_individualized,s20251,s2025,0,45.0,0.564168354728998
sta_individualized,s20251,s2025,1,45.0,0.6367894661686655
sta_individualized,s20261,s2026,0,10.0,-0.1766684473051404
sta_individualized,s20261,s2026,1,10.0,-0.116864366462874
sta_individualized,s20271,s2027,0,60.0,0.5524825501727421
sta_individualized,s20271,s2027,1,60.0,0.5625737571404874
sta_individualized,s20272,s2027,0,45.0,0.4749807784013057
sta_individualized,s20272,s2027,1,60.0,0.4388473031797572
sta_individualized,s20273,s2027,0,10.0,0.4986954221787112
sta_individualized,s20273,s2027,1,30.0,0.5789183574803428
sta_individualized,s20274,s2027,0,45.0,0.4835977711401493
sta_individualized,s20274,s2027,1,60.0,0.4536655317691117
sta_individualized,s20281,s2028,0,300.0,0.1377957856362735
sta_individualized,s20291,s2029,0,10.0,-0.0263775872134958
sta_individualized,s20291,s2029,1,10.0,-0.3751504824240743
sta_individualized,s20301,s2030,0,10.0,-0.0458841405224817
sta_individualized,s20311,s2031,0,10.0,0.2835176395076706
sta_individualized,s20311,s2031,1,10.0,0.0849782057292291
sta_individualized,s20321,s2032,0,45.0,0.0151533002735045
sta_individualized,s20331,s2033,0,10.0,-2.651941958177533
sta_individualized,s20341,s2034,0,10.0,-0.2744892917347533
sta_individualized,s20351,s2035,0,30.0,0.0987592261545908
sta_individualized,s20351,s2035,1,20.0,0.1428417509008202
sta_individualized,s20361,s2036,0,15.0,0.4375721208114299
sta_individualized,s20361,s2036,1,30.0,0.4996047913411261
sta_individualized,s20371,s2037,0,45.0,0.5067997067772313
sta_individualized,s20371,s2037,1,10.0,0.6617617787156934
sta_individualized,s20381,s2038,0,10.0,-1.6387888649834903
sta_individualized,s20381,s2038,1,10.0,-1.311060719941319
sta_individualized,s20391,s2039,0,30.0,0.2335425967006753
sta_individualized,s20391,s2039,1,15.0,0.2026218326851835
sta_individualized,s20401,s2040,0,60.0,0.3589835133565126
sta_individualized,s20401,s2040,1,90.0,0.3325845677973151
sta_individualized,s20411,s2041,0,10.0,0.0301901983672617
sta_individualized,s20411,s2041,1,300.0,-0.0614595512571308
sta_individualized,s20421,s2042,1,90.0,0.246021685728053
sta_individualized,s20431,s2043,0,20.0,0.7144588579922482
sta_individualized,s20431,s2043,1,20.0,0.6184277225056836
sta_individualized,s20441,s2044,0,45.0,0.0416507889978157
sta_individualized,s20441,s2044,1,10.0,0.0738693067194981
sta_individualized,s20451,s2045,0,15.0,0.3430424354487958
sta_individualized,s20451,s2045,1,15.0,0.3940613388153696
sta_individualized,s20461,s2046,0,90.0,-0.5542881587213423
sta_individualized,s20461,s2046,1,10.0,-0.0526434107386591
sta_individualized,s20471,s2047,0,120.0,-0.1099135390761449
sta_individualized,s20471,s2047,1,10.0,0.2784994153107457
sta_individualized,s20481,s2048,0,45.0,0.0005683486417983
sta_individualized,s20491,s2049,0,45.0,0.3211589968713396
sta_individualized,s20491,s2049,1,10.0,0.3090809159046151
sta_individualized,s20511,s2051,0,10.0,-0.5476801927151319
sta_individualized,s20511,s2051,1,10.0,-0.3817107690259849
sta_individualized,s20521,s2052,0,300.0,0.052811034912384
sta_individualized,s20521,s2052,1,10.0,0.0476440253889004
sta_individualized,s20541,s2054,0,15.0,0.554129151847832
sta_individualized,s20541,s2054,1,30.0,0.2708931649715179
sta_individualized,s20551,s2055,0,10.0,-0.3701598108740877
sta_individualized,s20551,s2055,1,10.0,-0.4425519660084642
sta_individualized,s20561,s2056,0,10.0,-0.090108459354506
sta_individualized,s20571,s2057,0,10.0,-1.237835864887352
sta_individualized,s20581,s2058,0,10.0,0.5768254505964616
sta_individualized,s20591,s2059,0,60.0,0.1240557178573302
sta_individualized,s20601,s2060,0,150.0,-0.0813924923112671
sta_individualized,s20601,s2060,1,300.0,0.0888339935737635
sta_individualized,s20611,s2061,1,30.0,0.3567841240647079
sta_individualized,s20621,s2062,0,10.0,-0.3094496806369362
sta_individualized,s20621,s2062,1,10.0,-0.1043695397017978
sta_individualized,s20631,s2063,0,10.0,0.5143426875088313
sta_individualized,s20631,s2063,1,10.0,0.2413566845261662
sta_individualized,s20641,s2064,0,60.0,0.4705741044582739
sta_individualized,s20641,s2064,1,30.0,0.4192449231925715
sta_individualized,s20651,s2065,0,10.0,-0.5452071507878333
sta_individualized,s20651,s2065,1,10.0,-0.074321212350111
sta_individualized,s30661,s3066,0,10.0,-1.0699203999467186
sta_individualized,s30661,s3066,1,10.0,-0.9466410197768432
sta_individualized,s30661,s3066,2,10.0,-0.6980107795109558
sta_individualized,s30671,s3067,0,10.0,-0.1994016920144857
sta_individualized,s30671,s3067,1,10.0,-0.2262028959927699
sta_individualized,s30671,s3067,2,10.0,0.1165844377852914
sta_individualized,s30681,s3068,0,30.0,0.3936558387285191
sta_individualized,s30681,s3068,1,20.0,0.2238244808548495
sta_individualized,s30681,s3068,2,10.0,0.2274967540228912
sta_individualized,s30691,s3069,0,30.0,0.2108130229879428
sta_individualized,s30691,s3069,1,45.0,-0.1530597366752666
sta_individualized,s30691,s3069,2,30.0,0.2268825797041637
sta_individualized,s30701,s3070,0,10.0,0.6631916649858852
sta_individualized,s30701,s3070,1,45.0,0.5711471019486809
sta_individualized,s30701,s3070,2,45.0,0.6388483123444576
sta_individualized,s30711,s3071,0,150.0,-0.0158172040366457
sta_individualized,s30711,s3071,1,20.0,0.1613087717647076
sta_individualized,s30711,s3071,2,60.0,0.0903956544151714
sta_individualized,s30721,s3072,0,30.0,-0.2814092938743889
sta_individualized,s30721,s3072,1,30.0,-0.199162160254075
sta_individualized,s30721,s3072,2,90.0,-0.5327002278696181
sta_individualized,s30731,s3073,1,10.0,0.5766731278390047
sta_individualized,s30731,s3073,2,10.0,0.5251679152448357
sta_individualized,s30732,s3073,1,30.0,0.4052711478402109
sta_individualized,s30732,s3073,2,30.0,0.2490771507700624
sta_individualized,s30741,s3074,0,10.0,0.2636830097862147
sta_individualized,s30741,s3074,1,10.0,0.3976087256550231
sta_individualized,s30741,s3074,2,15.0,0.2355750540403466
sta_individualized,s30742,s3074,0,10.0,0.2180681826517641
sta_individualized,s30742,s3074,1,10.0,0.2564159331074886
sta_individualized,s30742,s3074,2,10.0,0.2464926741711969
sta_individualized,s30751,s3075,0,60.0,0.4062069857885816
sta_individualized,s30751,s3075,1,60.0,0.0554959716130631
sta_individualized,s30751,s3075,2,60.0,0.1944866400859056
sta_individualized,s30752,s3075,0,120.0,0.168062822456121
sta_individualized,s30761,s3076,1,150.0,0.0941026384974956
sta_individualized,s30761,s3076,2,60.0,-0.0744800367416517
sta_individualized,s30771,s3077,0,300.0,-0.758905926384094
sta_individualized,s30771,s3077,1,300.0,-0.9387595048646278
sta_individualized,s30771,s3077,2,300.0,-1.0789834289138889
sta_individualized,s30781,s3078,0,10.0,-0.5283148879107937
sta_individualized,s30781,s3078,1,10.0,0.1995625092353946
sta_individualized,s30781,s3078,2,30.0,-0.5037506991457066
sta_individualized,s30791,s3079,0,20.0,0.7858057050136233
sta_individualized,s30791,s3079,1,180.0,0.2697732415766413
sta_individualized,s30791,s3079,2,90.0,0.4722516219641825
sta_individualized,s30801,s3080,1,20.0,0.2462869772461994
sta_individualized,s30801,s3080,2,30.0,-0.0118804111607404
stb_expanded_grid,s20011,s2001,0,5.0,0.4993954957157178
stb_expanded_grid,s20011,s2001,1,5.0,0.4684678790884868
stb_expanded_grid,s20021,s2002,0,5.0,-0.1111185988135896
stb_expanded_grid,s20031,s2003,0,5.0,0.0226955910862165
stb_expanded_grid,s20031,s2003,1,5.0,-0.0929680315869702
stb_expanded_grid,s20041,s2004,0,180.0,0.1051512592738342
stb_expanded_grid,s20041,s2004,1,120.0,0.2255988275342877
stb_expanded_grid,s20061,s2006,0,45.0,0.4523842346321592
stb_expanded_grid,s20071,s2007,0,30.0,0.0698170877990782
stb_expanded_grid,s20071,s2007,1,10.0,0.1176783336221998
stb_expanded_grid,s20081,s2008,0,30.0,0.5296355757403384
stb_expanded_grid,s20081,s2008,1,30.0,0.5792923974688001
stb_expanded_grid,s20091,s2009,0,20.0,0.6777689630619106
stb_expanded_grid,s20091,s2009,1,20.0,0.7614583926747931
stb_expanded_grid,s20101,s2010,0,240.0,0.058401561161262
stb_expanded_grid,s20101,s2010,1,240.0,-0.0116247850848453
stb_expanded_grid,s20111,s2011,0,20.0,0.3916977491608002
stb_expanded_grid,s20121,s2012,0,5.0,-0.7167015789107231
stb_expanded_grid,s20131,s2013,0,60.0,0.6426203724063859
stb_expanded_grid,s20141,s2014,0,5.0,0.13812007217866
stb_expanded_grid,s20141,s2014,1,45.0,0.3967840374705204
stb_expanded_grid,s20151,s2015,1,20.0,-0.0973217713916888
stb_expanded_grid,s20161,s2016,0,90.0,-0.1482154471139934
stb_expanded_grid,s20161,s2016,1,180.0,0.0805771117458449
stb_expanded_grid,s20171,s2017,0,5.0,0.3336885724162702
stb_expanded_grid,s20171,s2017,1,5.0,0.4956159123893819
stb_expanded_grid,s20181,s2018,1,45.0,0.5349391237523966
stb_expanded_grid,s20191,s2019,0,5.0,0.090031382652963
stb_expanded_grid,s20191,s2019,1,5.0,0.2436147336913656
stb_expanded_grid,s20201,s2020,0,45.0,0.4259539818898433
stb_expanded_grid,s20211,s2021,0,30.0,0.5459181055013815
stb_expanded_grid,s20211,s2021,1,30.0,0.6173022082310717
stb_expanded_grid,s20221,s2022,0,150.0,-0.4652213247592415
stb_expanded_grid,s20231,s2023,0,15.0,0.576830168421451
stb_expanded_grid,s20231,s2023,1,20.0,0.720800947758881
stb_expanded_grid,s20241,s2024,0,45.0,0.4920950987834307
stb_expanded_grid,s20241,s2024,1,15.0,0.5144003816153973
stb_expanded_grid,s20251,s2025,1,45.0,0.6440212614028384
stb_expanded_grid,s20261,s2026,0,5.0,-0.1338994639236773
stb_expanded_grid,s20261,s2026,1,5.0,-0.0713018590313206
stb_expanded_grid,s20271,s2027,0,60.0,0.5418240471403133
stb_expanded_grid,s20271,s2027,1,60.0,0.5641666090564323
stb_expanded_grid,s20272,s2027,0,45.0,0.4863271739674973
stb_expanded_grid,s20272,s2027,1,60.0,0.4519033384621144
stb_expanded_grid,s20273,s2027,0,10.0,0.5049930143035585
stb_expanded_grid,s20273,s2027,1,30.0,0.5844716819688559
stb_expanded_grid,s20274,s2027,0,45.0,0.4927669507977474
stb_expanded_grid,s20274,s2027,1,60.0,0.507019245507703
stb_expanded_grid,s20291,s2029,0,5.0,0.0354274502312675
stb_expanded_grid,s20291,s2029,1,5.0,-0.2175088029088459
stb_expanded_grid,s20301,s2030,0,5.0,-0.0286935845039037
stb_expanded_grid,s20311,s2031,0,5.0,0.3055128978780822
stb_expanded_grid,s20311,s2031,1,5.0,0.0917444620523912
stb_expanded_grid,s20331,s2033,0,5.0,-2.450091734081828
stb_expanded_grid,s20341,s2034,0,5.0,-0.288066190954284
stb_expanded_grid,s20351,s2035,0,30.0,0.109307489969579
stb_expanded_grid,s20351,s2035,1,20.0,0.1637378364909217
stb_expanded_grid,s20361,s2036,0,5.0,0.4384231063492808
stb_expanded_grid,s20361,s2036,1,30.0,0.4996047913411261
stb_expanded_grid,s20371,s2037,0,45.0,0.5302567432568188
stb_expanded_grid,s20371,s2037,1,5.0,0.6765002203074205
stb_expanded_grid,s20381,s2038,0,5.0,-0.5289257802727867
stb_expanded_grid,s20381,s2038,1,5.0,-0.407553312225335
stb_expanded_grid,s20391,s2039,0,30.0,0.2335425967006753
stb_expanded_grid,s20391,s2039,1,15.0,0.2026218326851835
stb_expanded_grid,s20401,s2040,0,60.0,0.3453797627597144
stb_expanded_grid,s20401,s2040,1,90.0,0.3325845677973151
stb_expanded_grid,s20411,s2041,0,5.0,0.0219329759664165
stb_expanded_grid,s20411,s2041,1,600.0,0.0379239091355792
stb_expanded_grid,s20421,s2042,1,90.0,0.2330207032990387
stb_expanded_grid,s20431,s2043,0,20.0,0.7171739944512272
stb_expanded_grid,s20431,s2043,1,20.0,0.6275811644769465
stb_expanded_grid,s20441,s2044,0,45.0,0.0407219698544588
stb_expanded_grid,s20441,s2044,1,5.0,0.0876124748329157
stb_expanded_grid,s20451,s2045,0,15.0,0.3460099567339202
stb_expanded_grid,s20451,s2045,1,15.0,0.3940613388153696
stb_expanded_grid,s20461,s2046,0,90.0,-0.5542881587213423
stb_expanded_grid,s20461,s2046,1,5.0,-0.0512503827004879
stb_expanded_grid,s20471,s2047,1,5.0,0.3019628221755272
stb_expanded_grid,s20481,s2048,0,45.0,0.0074292054601118
stb_expanded_grid,s20491,s2049,0,45.0,0.3553927175159072
stb_expanded_grid,s20511,s2051,0,5.0,-0.2001241242209676
stb_expanded_grid,s20511,s2051,1,5.0,-0.1572915137986029
stb_expanded_grid,s20521,s2052,0,5.0,0.086418620751306
stb_expanded_grid,s20541,s2054,0,15.0,0.5431052983842057
stb_expanded_grid,s20541,s2054,1,30.0,0.2733060660341909
stb_expanded_grid,s20551,s2055,0,5.0,0.042367780301343
stb_expanded_grid,s20551,s2055,1,5.0,-0.0632485563330776
stb_expanded_grid,s20561,s2056,0,5.0,-0.0743635290192339
stb_expanded_grid,s20571,s2057,0,10.0,-1.2191506079694157
stb_expanded_grid,s20581,s2058,0,5.0,0.605241596008798
stb_expanded_grid,s20591,s2059,0,45.0,0.1352349619674163
stb_expanded_grid,s20601,s2060,1,5.0,0.0868657979405996
stb_expanded_grid,s20611,s2061,1,5.0,0.3914782550505415
stb_expanded_grid,s20621,s2062,0,5.0,-0.2404460734444894
stb_expanded_grid,s20621,s2062,1,5.0,-0.1328049065974845
stb_expanded_grid,s20631,s2063,0,5.0,0.5671532721144412
stb_expanded_grid,s20641,s2064,0,45.0,0.4807250151518447
stb_expanded_grid,s20641,s2064,1,30.0,0.4479196883244869
stb_expanded_grid,s20651,s2065,0,5.0,-0.4892842177441812
stb_expanded_grid,s30661,s3066,0,5.0,-0.6752230242993935
stb_expanded_grid,s30661,s3066,1,5.0,-0.5710645611949231
stb_expanded_grid,s30661,s3066,2,5.0,-0.4263481185995815
stb_expanded_grid,s30671,s3067,0,5.0,-0.1295269661771792
stb_expanded_grid,s30671,s3067,1,5.0,-0.1817012823104506
stb_expanded_grid,s30681,s3068,0,30.0,0.419014797618753
stb_expanded_grid,s30681,s3068,1,20.0,0.2261651940728059
stb_expanded_grid,s30681,s3068,2,30.0,0.2235983552601125
stb_expanded_grid,s30691,s3069,1,45.0,-0.0210070814505294
stb_expanded_grid,s30691,s3069,2,30.0,0.2294062475523449
stb_expanded_grid,s30701,s3070,1,45.0,0.5711471019486809
stb_expanded_grid,s30701,s3070,2,45.0,0.6388483123444576
stb_expanded_grid,s30711,s3071,0,600.0,-0.025853609075592
stb_expanded_grid,s30711,s3071,1,20.0,0.1885203673218378
stb_expanded_grid,s30711,s3071,2,60.0,0.1144253808708443
stb_expanded_grid,s30721,s3072,0,30.0,-0.2915949941562141
stb_expanded_grid,s30721,s3072,1,30.0,-0.199162160254075
stb_expanded_grid,s30731,s3073,1,5.0,0.6138153186167227
stb_expanded_grid,s30731,s3073,2,5.0,0.564800780430685
stb_expanded_grid,s30732,s3073,1,30.0,0.4052711478402109
stb_expanded_grid,s30732,s3073,2,30.0,0.2490771507700624
stb_expanded_grid,s30741,s3074,0,15.0,0.3514852785545014
stb_expanded_grid,s30741,s3074,1,5.0,0.4324635586562113
stb_expanded_grid,s30741,s3074,2,5.0,0.287107603219137
stb_expanded_grid,s30742,s3074,0,5.0,0.2842403465855708
stb_expanded_grid,s30742,s3074,1,5.0,0.3795680994169536
stb_expanded_grid,s30742,s3074,2,5.0,0.2414365885096126
stb_expanded_grid,s30751,s3075,0,60.0,0.3997226371038972
stb_expanded_grid,s30751,s3075,1,60.0,0.0554959716130631
stb_expanded_grid,s30751,s3075,2,60.0,0.1956741088927485
stb_expanded_grid,s30761,s3076,1,120.0,0.1831783701023061
stb_expanded_grid,s30761,s3076,2,60.0,-0.0742938897196155
stb_expanded_grid,s30771,s3077,1,600.0,-0.7942489219209747
stb_expanded_grid,s30771,s3077,2,600.0,-0.8873736001886705
stb_expanded_grid,s30781,s3078,0,5.0,-0.4567486013773688
stb_expanded_grid,s30781,s3078,1,5.0,0.2135590694615214
stb_expanded_grid,s30791,s3079,1,150.0,0.2775551322403934
stb_expanded_grid,s30791,s3079,2,90.0,0.4789074605815052
stb_expanded_grid,s30801,s3080,2,30.0,-0.0151031530048298
stb_fixed_120s,s20011,s2001,0,120.0,
stb_fixed_120s,s20011,s2001,1,120.0,
stb_fixed_120s,s20031,s2003,0,120.0,
stb_fixed_120s,s20031,s2003,1,120.0,
stb_fixed_120s,s20041,s2004,0,120.0,
stb_fixed_120s,s20041,s2004,1,120.0,
stb_fixed_120s,s20061,s2006,0,120.0,
stb_fixed_120s,s20071,s2007,0,120.0,
stb_fixed_120s,s20071,s2007,1,120.0,
stb_fixed_120s,s20081,s2008,0,120.0,
stb_fixed_120s,s20081,s2008,1,120.0,
stb_fixed_120s,s20091,s2009,0,120.0,
stb_fixed_120s,s20091,s2009,1,120.0,
stb_fixed_120s,s20101,s2010,0,120.0,
stb_fixed_120s,s20101,s2010,1,120.0,
stb_fixed_120s,s20111,s2011,0,120.0,
stb_fixed_120s,s20121,s2012,0,120.0,
stb_fixed_120s,s20131,s2013,0,120.0,
stb_fixed_120s,s20141,s2014,0,120.0,
stb_fixed_120s,s20141,s2014,1,120.0,
stb_fixed_120s,s20151,s2015,0,120.0,
stb_fixed_120s,s20151,s2015,1,120.0,
stb_fixed_120s,s20161,s2016,0,120.0,
stb_fixed_120s,s20161,s2016,1,120.0,
stb_fixed_120s,s20171,s2017,0,120.0,
stb_fixed_120s,s20181,s2018,1,120.0,
stb_fixed_120s,s20191,s2019,0,120.0,
stb_fixed_120s,s20191,s2019,1,120.0,
stb_fixed_120s,s20201,s2020,0,120.0,
stb_fixed_120s,s20211,s2021,0,120.0,
stb_fixed_120s,s20211,s2021,1,120.0,
stb_fixed_120s,s20221,s2022,0,120.0,
stb_fixed_120s,s20231,s2023,0,120.0,
stb_fixed_120s,s20231,s2023,1,120.0,
stb_fixed_120s,s20241,s2024,0,120.0,
stb_fixed_120s,s20241,s2024,1,120.0,
stb_fixed_120s,s20251,s2025,1,120.0,
stb_fixed_120s,s20261,s2026,0,120.0,
stb_fixed_120s,s20261,s2026,1,120.0,
stb_fixed_120s,s20271,s2027,0,120.0,
stb_fixed_120s,s20271,s2027,1,120.0,
stb_fixed_120s,s20272,s2027,0,120.0,
stb_fixed_120s,s20272,s2027,1,120.0,
stb_fixed_120s,s20273,s2027,0,120.0,
stb_fixed_120s,s20273,s2027,1,120.0,
stb_fixed_120s,s20274,s2027,0,120.0,
stb_fixed_120s,s20274,s2027,1,120.0,
stb_fixed_120s,s20281,s2028,0,120.0,
stb_fixed_120s,s20291,s2029,0,120.0,
stb_fixed_120s,s20291,s2029,1,120.0,
stb_fixed_120s,s20301,s2030,0,120.0,
stb_fixed_120s,s20311,s2031,0,120.0,
stb_fixed_120s,s20311,s2031,1,120.0,
stb_fixed_120s,s20331,s2033,0,120.0,
stb_fixed_120s,s20341,s2034,0,120.0,
stb_fixed_120s,s20351,s2035,0,120.0,
stb_fixed_120s,s20351,s2035,1,120.0,
stb_fixed_120s,s20361,s2036,0,120.0,
stb_fixed_120s,s20361,s2036,1,120.0,
stb_fixed_120s,s20371,s2037,0,120.0,
stb_fixed_120s,s20371,s2037,1,120.0,
stb_fixed_120s,s20381,s2038,0,120.0,
stb_fixed_120s,s20381,s2038,1,120.0,
stb_fixed_120s,s20391,s2039,0,120.0,
stb_fixed_120s,s20391,s2039,1,120.0,
stb_fixed_120s,s20401,s2040,0,120.0,
stb_fixed_120s,s20401,s2040,1,120.0,
stb_fixed_120s,s20411,s2041,0,120.0,
stb_fixed_120s,s20411,s2041,1,120.0,
stb_fixed_120s,s20421,s2042,1,120.0,
stb_fixed_120s,s20431,s2043,0,120.0,
stb_fixed_120s,s20431,s2043,1,120.0,
stb_fixed_120s,s20441,s2044,0,120.0,
stb_fixed_120s,s20441,s2044,1,120.0,
stb_fixed_120s,s20451,s2045,0,120.0,
stb_fixed_120s,s20451,s2045,1,120.0,
stb_fixed_120s,s20461,s2046,0,120.0,
stb_fixed_120s,s20461,s2046,1,120.0,
stb_fixed_120s,s20481,s2048,0,120.0,
stb_fixed_120s,s20491,s2049,0,120.0,
stb_fixed_120s,s20511,s2051,0,120.0,
stb_fixed_120s,s20511,s2051,1,120.0,
stb_fixed_120s,s20521,s2052,0,120.0,
stb_fixed_120s,s20541,s2054,0,120.0,
stb_fixed_120s,s20541,s2054,1,120.0,
stb_fixed_120s,s20551,s2055,0,120.0,
stb_fixed_120s,s20551,s2055,1,120.0,
stb_fixed_120s,s20561,s2056,0,120.0,
stb_fixed_120s,s20571,s2057,0,120.0,
stb_fixed_120s,s20581,s2058,0,120.0,
stb_fixed_120s,s20581,s2058,1,120.0,
stb_fixed_120s,s20591,s2059,0,120.0,
stb_fixed_120s,s20591,s2059,1,120.0,
stb_fixed_120s,s20601,s2060,1,120.0,
stb_fixed_120s,s20611,s2061,1,120.0,
stb_fixed_120s,s20621,s2062,0,120.0,
stb_fixed_120s,s20621,s2062,1,120.0,
stb_fixed_120s,s20631,s2063,0,120.0,
stb_fixed_120s,s20641,s2064,0,120.0,
stb_fixed_120s,s20641,s2064,1,120.0,
stb_fixed_120s,s20651,s2065,0,120.0,
stb_fixed_120s,s30661,s3066,0,120.0,
stb_fixed_120s,s30661,s3066,1,120.0,
stb_fixed_120s,s30661,s3066,2,120.0,
stb_fixed_120s,s30671,s3067,0,120.0,
stb_fixed_120s,s30671,s3067,1,120.0,
stb_fixed_120s,s30681,s3068,0,120.0,
stb_fixed_120s,s30681,s3068,1,120.0,
stb_fixed_120s,s30681,s3068,2,120.0,
stb_fixed_120s,s30691,s3069,1,120.0,
stb_fixed_120s,s30691,s3069,2,120.0,
stb_fixed_120s,s30701,s3070,1,120.0,
stb_fixed_120s,s30701,s3070,2,120.0,
stb_fixed_120s,s30711,s3071,0,120.0,
stb_fixed_120s,s30711,s3071,1,120.0,
stb_fixed_120s,s30711,s3071,2,120.0,
stb_fixed_120s,s30721,s3072,0,120.0,
stb_fixed_120s,s30721,s3072,1,120.0,
stb_fixed_120s,s30731,s3073,1,120.0,
stb_fixed_120s,s30731,s3073,2,120.0,
stb_fixed_120s,s30732,s3073,1,120.0,
stb_fixed_120s,s30732,s3073,2,120.0,
stb_fixed_120s,s30741,s3074,0,120.0,
stb_fixed_120s,s30741,s3074,1,120.0,
stb_fixed_120s,s30741,s3074,2,120.0,
stb_fixed_120s,s30742,s3074,0,120.0,
stb_fixed_120s,s30742,s3074,1,120.0,
stb_fixed_120s,s30742,s3074,2,120.0,
stb_fixed_120s,s30751,s3075,0,120.0,
stb_fixed_120s,s30751,s3075,1,120.0,
stb_fixed_120s,s30751,s3075,2,120.0,
stb_fixed_120s,s30761,s3076,1,120.0,
stb_fixed_120s,s30761,s3076,2,120.0,
stb_fixed_120s,s30771,s3077,1,120.0,
stb_fixed_120s,s30771,s3077,2,120.0,
stb_fixed_120s,s30781,s3078,0,120.0,
stb_fixed_120s,s30781,s3078,1,120.0,
stb_fixed_120s,s30781,s3078,2,120.0,
stb_fixed_120s,s30791,s3079,1,120.0,
stb_fixed_120s,s30791,s3079,2,120.0,
stb_fixed_120s,s30801,s3080,2,120.0,
stb_fixed_180s,s20011,s2001,0,180.0,
stb_fixed_180s,s20011,s2001,1,180.0,
stb_fixed_180s,s20031,s2003,0,180.0,
stb_fixed_180s,s20031,s2003,1,180.0,
stb_fixed_180s,s20041,s2004,0,180.0,
stb_fixed_180s,s20041,s2004,1,180.0,
stb_fixed_180s,s20061,s2006,0,180.0,
stb_fixed_180s,s20071,s2007,0,180.0,
stb_fixed_180s,s20071,s2007,1,180.0,
stb_fixed_180s,s20081,s2008,0,180.0,
stb_fixed_180s,s20081,s2008,1,180.0,
stb_fixed_180s,s20091,s2009,0,180.0,
stb_fixed_180s,s20091,s2009,1,180.0,
stb_fixed_180s,s20101,s2010,0,180.0,
stb_fixed_180s,s20101,s2010,1,180.0,
stb_fixed_180s,s20111,s2011,0,180.0,
stb_fixed_180s,s20121,s2012,0,180.0,
stb_fixed_180s,s20131,s2013,0,180.0,
stb_fixed_180s,s20141,s2014,0,180.0,
stb_fixed_180s,s20141,s2014,1,180.0,
stb_fixed_180s,s20151,s2015,0,180.0,
stb_fixed_180s,s20161,s2016,0,180.0,
stb_fixed_180s,s20161,s2016,1,180.0,
stb_fixed_180s,s20171,s2017,0,180.0,
stb_fixed_180s,s20181,s2018,1,180.0,
stb_fixed_180s,s20201,s2020,0,180.0,
stb_fixed_180s,s20211,s2021,0,180.0,
stb_fixed_180s,s20221,s2022,0,180.0,
stb_fixed_180s,s20231,s2023,0,180.0,
stb_fixed_180s,s20231,s2023,1,180.0,
stb_fixed_180s,s20241,s2024,0,180.0,
stb_fixed_180s,s20241,s2024,1,180.0,
stb_fixed_180s,s20251,s2025,1,180.0,
stb_fixed_180s,s20261,s2026,0,180.0,
stb_fixed_180s,s20261,s2026,1,180.0,
stb_fixed_180s,s20271,s2027,0,180.0,
stb_fixed_180s,s20271,s2027,1,180.0,
stb_fixed_180s,s20272,s2027,0,180.0,
stb_fixed_180s,s20272,s2027,1,180.0,
stb_fixed_180s,s20273,s2027,0,180.0,
stb_fixed_180s,s20273,s2027,1,180.0,
stb_fixed_180s,s20274,s2027,0,180.0,
stb_fixed_180s,s20274,s2027,1,180.0,
stb_fixed_180s,s20281,s2028,0,180.0,
stb_fixed_180s,s20301,s2030,0,180.0,
stb_fixed_180s,s20311,s2031,0,180.0,
stb_fixed_180s,s20311,s2031,1,180.0,
stb_fixed_180s,s20331,s2033,0,180.0,
stb_fixed_180s,s20341,s2034,0,180.0,
stb_fixed_180s,s20351,s2035,0,180.0,
stb_fixed_180s,s20351,s2035,1,180.0,
stb_fixed_180s,s20361,s2036,0,180.0,
stb_fixed_180s,s20361,s2036,1,180.0,
stb_fixed_180s,s20371,s2037,0,180.0,
stb_fixed_180s,s20381,s2038,0,180.0,
stb_fixed_180s,s20381,s2038,1,180.0,
stb_fixed_180s,s20391,s2039,0,180.0,
stb_fixed_180s,s20391,s2039,1,180.0,
stb_fixed_180s,s20401,s2040,0,180.0,
stb_fixed_180s,s20401,s2040,1,180.0,
stb_fixed_180s,s20411,s2041,0,180.0,
stb_fixed_180s,s20411,s2041,1,180.0,
stb_fixed_180s,s20421,s2042,1,180.0,
stb_fixed_180s,s20431,s2043,0,180.0,
stb_fixed_180s,s20431,s2043,1,180.0,
stb_fixed_180s,s20441,s2044,0,180.0,
stb_fixed_180s,s20441,s2044,1,180.0,
stb_fixed_180s,s20451,s2045,0,180.0,
stb_fixed_180s,s20451,s2045,1,180.0,
stb_fixed_180s,s20461,s2046,0,180.0,
stb_fixed_180s,s20461,s2046,1,180.0,
stb_fixed_180s,s20481,s2048,0,180.0,
stb_fixed_180s,s20491,s2049,0,180.0,
stb_fixed_180s,s20511,s2051,0,180.0,
stb_fixed_180s,s20521,s2052,0,180.0,
stb_fixed_180s,s20541,s2054,0,180.0,
stb_fixed_180s,s20541,s2054,1,180.0,
stb_fixed_180s,s20551,s2055,0,180.0,
stb_fixed_180s,s20551,s2055,1,180.0,
stb_fixed_180s,s20561,s2056,0,180.0,
stb_fixed_180s,s20571,s2057,0,180.0,
stb_fixed_180s,s20591,s2059,0,180.0,
stb_fixed_180s,s20601,s2060,1,180.0,
stb_fixed_180s,s20611,s2061,1,180.0,
stb_fixed_180s,s20621,s2062,0,180.0,
stb_fixed_180s,s20621,s2062,1,180.0,
stb_fixed_180s,s20631,s2063,0,180.0,
stb_fixed_180s,s20641,s2064,0,180.0,
stb_fixed_180s,s20641,s2064,1,180.0,
stb_fixed_180s,s20651,s2065,0,180.0,
stb_fixed_180s,s30661,s3066,0,180.0,
stb_fixed_180s,s30661,s3066,1,180.0,
stb_fixed_180s,s30661,s3066,2,180.0,
stb_fixed_180s,s30671,s3067,0,180.0,
stb_fixed_180s,s30671,s3067,1,180.0,
stb_fixed_180s,s30681,s3068,0,180.0,
stb_fixed_180s,s30681,s3068,1,180.0,
stb_fixed_180s,s30681,s3068,2,180.0,
stb_fixed_180s,s30691,s3069,1,180.0,
stb_fixed_180s,s30691,s3069,2,180.0,
stb_fixed_180s,s30701,s3070,1,180.0,
stb_fixed_180s,s30701,s3070,2,180.0,
stb_fixed_180s,s30711,s3071,0,180.0,
stb_fixed_180s,s30711,s3071,1,180.0,
stb_fixed_180s,s30711,s3071,2,180.0,
stb_fixed_180s,s30721,s3072,0,180.0,
stb_fixed_180s,s30731,s3073,1,180.0,
stb_fixed_180s,s30731,s3073,2,180.0,
stb_fixed_180s,s30732,s3073,1,180.0,
stb_fixed_180s,s30732,s3073,2,180.0,
stb_fixed_180s,s30741,s3074,0,180.0,
stb_fixed_180s,s30741,s3074,1,180.0,
stb_fixed_180s,s30741,s3074,2,180.0,
stb_fixed_180s,s30742,s3074,0,180.0,
stb_fixed_180s,s30742,s3074,1,180.0,
stb_fixed_180s,s30742,s3074,2,180.0,
stb_fixed_180s,s30751,s3075,0,180.0,
stb_fixed_180s,s30751,s3075,1,180.0,
stb_fixed_180s,s30751,s3075,2,180.0,
stb_fixed_180s,s30761,s3076,1,180.0,
stb_fixed_180s,s30761,s3076,2,180.0,
stb_fixed_180s,s30771,s3077,1,180.0,
stb_fixed_180s,s30771,s3077,2,180.0,
stb_fixed_180s,s30781,s3078,0,180.0,
stb_fixed_180s,s30781,s3078,1,180.0,
stb_fixed_180s,s30781,s3078,2,180.0,
stb_fixed_180s,s30791,s3079,1,180.0,
stb_fixed_180s,s30791,s3079,2,180.0,
stb_fixed_180s,s30801,s3080,2,180.0,
stb_fixed_30s,s20011,s2001,0,30.0,
stb_fixed_30s,s20011,s2001,1,30.0,
stb_fixed_30s,s20021,s2002,0,30.0,
stb_fixed_30s,s20021,s2002,1,30.0,
stb_fixed_30s,s20031,s2003,0,30.0,
stb_fixed_30s,s20031,s2003,1,30.0,
stb_fixed_30s,s20041,s2004,0,30.0,
stb_fixed_30s,s20041,s2004,1,30.0,
stb_fixed_30s,s20061,s2006,0,30.0,
stb_fixed_30s,s20071,s2007,0,30.0,
stb_fixed_30s,s20071,s2007,1,30.0,
stb_fixed_30s,s20081,s2008,0,30.0,
stb_fixed_30s,s20081,s2008,1,30.0,
stb_fixed_30s,s20091,s2009,0,30.0,
stb_fixed_30s,s20091,s2009,1,30.0,
stb_fixed_30s,s20101,s2010,0,30.0,
stb_fixed_30s,s20101,s2010,1,30.0,
stb_fixed_30s,s20111,s2011,0,30.0,
stb_fixed_30s,s20121,s2012,0,30.0,
stb_fixed_30s,s20131,s2013,0,30.0,
stb_fixed_30s,s20141,s2014,0,30.0,
stb_fixed_30s,s20141,s2014,1,30.0,
stb_fixed_30s,s20151,s2015,0,30.0,
stb_fixed_30s,s20151,s2015,1,30.0,
stb_fixed_30s,s20161,s2016,0,30.0,
stb_fixed_30s,s20161,s2016,1,30.0,
stb_fixed_30s,s20171,s2017,0,30.0,
stb_fixed_30s,s20171,s2017,1,30.0,
stb_fixed_30s,s20181,s2018,1,30.0,
stb_fixed_30s,s20191,s2019,0,30.0,
stb_fixed_30s,s20191,s2019,1,30.0,
stb_fixed_30s,s20201,s2020,0,30.0,
stb_fixed_30s,s20211,s2021,0,30.0,
stb_fixed_30s,s20211,s2021,1,30.0,
stb_fixed_30s,s20221,s2022,0,30.0,
stb_fixed_30s,s20231,s2023,0,30.0,
stb_fixed_30s,s20231,s2023,1,30.0,
stb_fixed_30s,s20241,s2024,0,30.0,
stb_fixed_30s,s20241,s2024,1,30.0,
stb_fixed_30s,s20251,s2025,1,30.0,
stb_fixed_30s,s20261,s2026,0,30.0,
stb_fixed_30s,s20261,s2026,1,30.0,
stb_fixed_30s,s20271,s2027,0,30.0,
stb_fixed_30s,s20271,s2027,1,30.0,
stb_fixed_30s,s20272,s2027,0,30.0,
stb_fixed_30s,s20272,s2027,1,30.0,
stb_fixed_30s,s20273,s2027,0,30.0,
stb_fixed_30s,s20273,s2027,1,30.0,
stb_fixed_30s,s20274,s2027,0,30.0,
stb_fixed_30s,s20274,s2027,1,30.0,
stb_fixed_30s,s20281,s2028,0,30.0,
stb_fixed_30s,s20291,s2029,0,30.0,
stb_fixed_30s,s20291,s2029,1,30.0,
stb_fixed_30s,s20301,s2030,0,30.0,
stb_fixed_30s,s20311,s2031,0,30.0,
stb_fixed_30s,s20311,s2031,1,30.0,
stb_fixed_30s,s20321,s2032,1,30.0,
stb_fixed_30s,s20331,s2033,0,30.0,
stb_fixed_30s,s20341,s2034,0,30.0,
stb_fixed_30s,s20351,s2035,0,30.0,
stb_fixed_30s,s20351,s2035,1,30.0,
stb_fixed_30s,s20361,s2036,0,30.0,
stb_fixed_30s,s20361,s2036,1,30.0,
stb_fixed_30s,s20371,s2037,0,30.0,
stb_fixed_30s,s20371,s2037,1,30.0,
stb_fixed_30s,s20381,s2038,0,30.0,
stb_fixed_30s,s20381,s2038,1,30.0,
stb_fixed_30s,s20391,s2039,0,30.0,
stb_fixed_30s,s20391,s2039,1,30.0,
stb_fixed_30s,s20401,s2040,0,30.0,
stb_fixed_30s,s20401,s2040,1,30.0,
stb_fixed_30s,s20411,s2041,0,30.0,
stb_fixed_30s,s20411,s2041,1,30.0,
stb_fixed_30s,s20421,s2042,1,30.0,
stb_fixed_30s,s20431,s2043,0,30.0,
stb_fixed_30s,s20431,s2043,1,30.0,
stb_fixed_30s,s20441,s2044,0,30.0,
stb_fixed_30s,s20441,s2044,1,30.0,
stb_fixed_30s,s20451,s2045,0,30.0,
stb_fixed_30s,s20451,s2045,1,30.0,
stb_fixed_30s,s20461,s2046,0,30.0,
stb_fixed_30s,s20461,s2046,1,30.0,
stb_fixed_30s,s20471,s2047,1,30.0,
stb_fixed_30s,s20481,s2048,0,30.0,
stb_fixed_30s,s20491,s2049,0,30.0,
stb_fixed_30s,s20511,s2051,0,30.0,
stb_fixed_30s,s20511,s2051,1,30.0,
stb_fixed_30s,s20521,s2052,0,30.0,
stb_fixed_30s,s20541,s2054,0,30.0,
stb_fixed_30s,s20541,s2054,1,30.0,
stb_fixed_30s,s20551,s2055,0,30.0,
stb_fixed_30s,s20551,s2055,1,30.0,
stb_fixed_30s,s20561,s2056,0,30.0,
stb_fixed_30s,s20571,s2057,0,30.0,
stb_fixed_30s,s20581,s2058,0,30.0,
stb_fixed_30s,s20581,s2058,1,30.0,
stb_fixed_30s,s20591,s2059,0,30.0,
stb_fixed_30s,s20591,s2059,1,30.0,
stb_fixed_30s,s20601,s2060,1,30.0,
stb_fixed_30s,s20611,s2061,1,30.0,
stb_fixed_30s,s20621,s2062,0,30.0,
stb_fixed_30s,s20621,s2062,1,30.0,
stb_fixed_30s,s20631,s2063,0,30.0,
stb_fixed_30s,s20641,s2064,0,30.0,
stb_fixed_30s,s20641,s2064,1,30.0,
stb_fixed_30s,s20651,s2065,0,30.0,
stb_fixed_30s,s30661,s3066,0,30.0,
stb_fixed_30s,s30661,s3066,1,30.0,
stb_fixed_30s,s30661,s3066,2,30.0,
stb_fixed_30s,s30671,s3067,0,30.0,
stb_fixed_30s,s30671,s3067,1,30.0,
stb_fixed_30s,s30681,s3068,0,30.0,
stb_fixed_30s,s30681,s3068,1,30.0,
stb_fixed_30s,s30681,s3068,2,30.0,
stb_fixed_30s,s30691,s3069,1,30.0,
stb_fixed_30s,s30691,s3069,2,30.0,
stb_fixed_30s,s30701,s3070,1,30.0,
stb_fixed_30s,s30701,s3070,2,30.0,
stb_fixed_30s,s30711,s3071,0,30.0,
stb_fixed_30s,s30711,s3071,1,30.0,
stb_fixed_30s,s30711,s3071,2,30.0,
stb_fixed_30s,s30721,s3072,0,30.0,
stb_fixed_30s,s30721,s3072,1,30.0,
stb_fixed_30s,s30731,s3073,1,30.0,
stb_fixed_30s,s30731,s3073,2,30.0,
stb_fixed_30s,s30732,s3073,1,30.0,
stb_fixed_30s,s30732,s3073,2,30.0,
stb_fixed_30s,s30741,s3074,0,30.0,
stb_fixed_30s,s30741,s3074,1,30.0,
stb_fixed_30s,s30741,s3074,2,30.0,
stb_fixed_30s,s30742,s3074,0,30.0,
stb_fixed_30s,s30742,s3074,1,30.0,
stb_fixed_30s,s30742,s3074,2,30.0,
stb_fixed_30s,s30751,s3075,0,30.0,
stb_fixed_30s,s30751,s3075,1,30.0,
stb_fixed_30s,s30751,s3075,2,30.0,
stb_fixed_30s,s30761,s3076,1,30.0,
stb_fixed_30s,s30761,s3076,2,30.0,
stb_fixed_30s,s30771,s3077,1,30.0,
stb_fixed_30s,s30771,s3077,2,30.0,
stb_fixed_30s,s30781,s3078,0,30.0,
stb_fixed_30s,s30781,s3078,1,30.0,
stb_fixed_30s,s30781,s3078,2,30.0,
stb_fixed_30s,s30791,s3079,1,30.0,
stb_fixed_30s,s30791,s3079,2,30.0,
stb_fixed_30s,s30801,s3080,2,30.0,
stb_fixed_60s,s20011,s2001,0,60.0,
stb_fixed_60s,s20011,s2001,1,60.0,
stb_fixed_60s,s20021,s2002,0,60.0,
stb_fixed_60s,s20021,s2002,1,60.0,
stb_fixed_60s,s20031,s2003,0,60.0,
stb_fixed_60s,s20031,s2003,1,60.0,
stb_fixed_60s,s20041,s2004,0,60.0,
stb_fixed_60s,s20041,s2004,1,60.0,
stb_fixed_60s,s20061,s2006,0,60.0,
stb_fixed_60s,s20071,s2007,0,60.0,
stb_fixed_60s,s20071,s2007,1,60.0,
stb_fixed_60s,s20081,s2008,0,60.0,
stb_fixed_60s,s20081,s2008,1,60.0,
stb_fixed_60s,s20091,s2009,0,60.0,
stb_fixed_60s,s20091,s2009,1,60.0,
stb_fixed_60s,s20101,s2010,0,60.0,
stb_fixed_60s,s20101,s2010,1,60.0,
stb_fixed_60s,s20111,s2011,0,60.0,
stb_fixed_60s,s20121,s2012,0,60.0,
stb_fixed_60s,s20131,s2013,0,60.0,
stb_fixed_60s,s20141,s2014,0,60.0,
stb_fixed_60s,s20141,s2014,1,60.0,
stb_fixed_60s,s20151,s2015,0,60.0,
stb_fixed_60s,s20151,s2015,1,60.0,
stb_fixed_60s,s20161,s2016,0,60.0,
stb_fixed_60s,s20161,s2016,1,60.0,
stb_fixed_60s,s20171,s2017,0,60.0,
stb_fixed_60s,s20171,s2017,1,60.0,
stb_fixed_60s,s20181,s2018,1,60.0,
stb_fixed_60s,s20191,s2019,0,60.0,
stb_fixed_60s,s20191,s2019,1,60.0,
stb_fixed_60s,s20201,s2020,0,60.0,
stb_fixed_60s,s20211,s2021,0,60.0,
stb_fixed_60s,s20211,s2021,1,60.0,
stb_fixed_60s,s20221,s2022,0,60.0,
stb_fixed_60s,s20231,s2023,0,60.0,
stb_fixed_60s,s20231,s2023,1,60.0,
stb_fixed_60s,s20241,s2024,0,60.0,
stb_fixed_60s,s20241,s2024,1,60.0,
stb_fixed_60s,s20251,s2025,1,60.0,
stb_fixed_60s,s20261,s2026,0,60.0,
stb_fixed_60s,s20261,s2026,1,60.0,
stb_fixed_60s,s20271,s2027,0,60.0,
stb_fixed_60s,s20271,s2027,1,60.0,
stb_fixed_60s,s20272,s2027,0,60.0,
stb_fixed_60s,s20272,s2027,1,60.0,
stb_fixed_60s,s20273,s2027,0,60.0,
stb_fixed_60s,s20273,s2027,1,60.0,
stb_fixed_60s,s20274,s2027,0,60.0,
stb_fixed_60s,s20274,s2027,1,60.0,
stb_fixed_60s,s20281,s2028,0,60.0,
stb_fixed_60s,s20291,s2029,0,60.0,
stb_fixed_60s,s20291,s2029,1,60.0,
stb_fixed_60s,s20301,s2030,0,60.0,
stb_fixed_60s,s20311,s2031,0,60.0,
stb_fixed_60s,s20311,s2031,1,60.0,
stb_fixed_60s,s20321,s2032,1,60.0,
stb_fixed_60s,s20331,s2033,0,60.0,
stb_fixed_60s,s20341,s2034,0,60.0,
stb_fixed_60s,s20351,s2035,0,60.0,
stb_fixed_60s,s20351,s2035,1,60.0,
stb_fixed_60s,s20361,s2036,0,60.0,
stb_fixed_60s,s20361,s2036,1,60.0,
stb_fixed_60s,s20371,s2037,0,60.0,
stb_fixed_60s,s20371,s2037,1,60.0,
stb_fixed_60s,s20381,s2038,0,60.0,
stb_fixed_60s,s20381,s2038,1,60.0,
stb_fixed_60s,s20391,s2039,0,60.0,
stb_fixed_60s,s20391,s2039,1,60.0,
stb_fixed_60s,s20401,s2040,0,60.0,
stb_fixed_60s,s20401,s2040,1,60.0,
stb_fixed_60s,s20411,s2041,0,60.0,
stb_fixed_60s,s20411,s2041,1,60.0,
stb_fixed_60s,s20421,s2042,1,60.0,
stb_fixed_60s,s20431,s2043,0,60.0,
stb_fixed_60s,s20431,s2043,1,60.0,
stb_fixed_60s,s20441,s2044,0,60.0,
stb_fixed_60s,s20441,s2044,1,60.0,
stb_fixed_60s,s20451,s2045,0,60.0,
stb_fixed_60s,s20451,s2045,1,60.0,
stb_fixed_60s,s20461,s2046,0,60.0,
stb_fixed_60s,s20461,s2046,1,60.0,
stb_fixed_60s,s20481,s2048,0,60.0,
stb_fixed_60s,s20491,s2049,0,60.0,
stb_fixed_60s,s20511,s2051,0,60.0,
stb_fixed_60s,s20511,s2051,1,60.0,
stb_fixed_60s,s20521,s2052,0,60.0,
stb_fixed_60s,s20541,s2054,0,60.0,
stb_fixed_60s,s20541,s2054,1,60.0,
stb_fixed_60s,s20551,s2055,0,60.0,
stb_fixed_60s,s20551,s2055,1,60.0,
stb_fixed_60s,s20561,s2056,0,60.0,
stb_fixed_60s,s20571,s2057,0,60.0,
stb_fixed_60s,s20581,s2058,0,60.0,
stb_fixed_60s,s20581,s2058,1,60.0,
stb_fixed_60s,s20591,s2059,0,60.0,
stb_fixed_60s,s20591,s2059,1,60.0,
stb_fixed_60s,s20601,s2060,1,60.0,
stb_fixed_60s,s20611,s2061,1,60.0,
stb_fixed_60s,s20621,s2062,0,60.0,
stb_fixed_60s,s20621,s2062,1,60.0,
stb_fixed_60s,s20631,s2063,0,60.0,
stb_fixed_60s,s20641,s2064,0,60.0,
stb_fixed_60s,s20641,s2064,1,60.0,
stb_fixed_60s,s20651,s2065,0,60.0,
stb_fixed_60s,s30661,s3066,0,60.0,
stb_fixed_60s,s30661,s3066,1,60.0,
stb_fixed_60s,s30661,s3066,2,60.0,
stb_fixed_60s,s30671,s3067,0,60.0,
stb_fixed_60s,s30671,s3067,1,60.0,
stb_fixed_60s,s30681,s3068,0,60.0,
stb_fixed_60s,s30681,s3068,1,60.0,
stb_fixed_60s,s30681,s3068,2,60.0,
stb_fixed_60s,s30691,s3069,1,60.0,
stb_fixed_60s,s30691,s3069,2,60.0,
stb_fixed_60s,s30701,s3070,1,60.0,
stb_fixed_60s,s30701,s3070,2,60.0,
stb_fixed_60s,s30711,s3071,0,60.0,
stb_fixed_60s,s30711,s3071,1,60.0,
stb_fixed_60s,s30711,s3071,2,60.0,
stb_fixed_60s,s30721,s3072,0,60.0,
stb_fixed_60s,s30721,s3072,1,60.0,
stb_fixed_60s,s30731,s3073,1,60.0,
stb_fixed_60s,s30731,s3073,2,60.0,
stb_fixed_60s,s30732,s3073,1,60.0,
stb_fixed_60s,s30732,s3073,2,60.0,
stb_fixed_60s,s30741,s3074,0,60.0,
stb_fixed_60s,s30741,s3074,1,60.0,
stb_fixed_60s,s30741,s3074,2,60.0,
stb_fixed_60s,s30742,s3074,0,60.0,
stb_fixed_60s,s30742,s3074,1,60.0,
stb_fixed_60s,s30742,s3074,2,60.0,
stb_fixed_60s,s30751,s3075,0,60.0,
stb_fixed_60s,s30751,s3075,1,60.0,
stb_fixed_60s,s30751,s3075,2,60.0,
stb_fixed_60s,s30761,s3076,1,60.0,
stb_fixed_60s,s30761,s3076,2,60.0,
stb_fixed_60s,s30771,s3077,1,60.0,
stb_fixed_60s,s30771,s3077,2,60.0,
stb_fixed_60s,s30781,s3078,0,60.0,
stb_fixed_60s,s30781,s3078,1,60.0,
stb_fixed_60s,s30781,s3078,2,60.0,
stb_fixed_60s,s30791,s3079,1,60.0,
stb_fixed_60s,s30791,s3079,2,60.0,
stb_fixed_60s,s30801,s3080,2,60.0,
stb_individualized,s20011,s2001,0,10.0,0.4785815886730079
stb_individualized,s20011,s2001,1,10.0,0.4415949961948825
stb_individualized,s20021,s2002,0,10.0,-0.1159802386554701
stb_individualized,s20021,s2002,1,10.0,-0.4749282423742424
stb_individualized,s20031,s2003,0,10.0,-0.0122036393072551
stb_individualized,s20031,s2003,1,10.0,-0.1390132870040256
stb_individualized,s20041,s2004,0,180.0,0.1051512592738342
stb_individualized,s20041,s2004,1,120.0,0.2255988275342877
stb_individualized,s20061,s2006,0,45.0,0.4523842346321592
stb_individualized,s20071,s2007,0,30.0,0.0698170877990782
stb_individualized,s20071,s2007,1,10.0,0.1176783336221998
stb_individualized,s20081,s2008,0,30.0,0.5296355757403384
stb_individualized,s20081,s2008,1,30.0,0.5792923974688001
stb_individualized,s20091,s2009,0,20.0,0.6777689630619106
stb_individualized,s20091,s2009,1,20.0,0.7614583926747931
stb_individualized,s20101,s2010,0,240.0,0.058401561161262
stb_individualized,s20101,s2010,1,240.0,-0.0116247850848453
stb_individualized,s20111,s2011,0,20.0,0.3916977491608002
stb_individualized,s20121,s2012,0,10.0,-0.7423573059489557
stb_individualized,s20131,s2013,0,60.0,0.6426203724063859
stb_individualized,s20141,s2014,0,10.0,0.1269711993869935
stb_individualized,s20141,s2014,1,45.0,0.3967840374705204
stb_individualized,s20151,s2015,1,20.0,-0.0973217713916888
stb_individualized,s20161,s2016,0,90.0,-0.1482154471139934
stb_individualized,s20161,s2016,1,180.0,0.0805771117458449
stb_individualized,s20171,s2017,0,10.0,0.3064861816210434
stb_individualized,s20171,s2017,1,10.0,0.4742556169812516
stb_individualized,s20181,s2018,1,45.0,0.5349391237523966
stb_individualized,s20191,s2019,0,10.0,0.0529670264053515
stb_individualized,s20191,s2019,1,10.0,0.0622268872113964
stb_individualized,s20201,s2020,0,45.0,0.4259539818898433
stb_individualized,s20211,s2021,0,30.0,0.5459181055013815
stb_individualized,s20211,s2021,1,30.0,0.6173022082310717
stb_individualized,s20221,s2022,0,150.0,-0.4652213247592415
stb_individualized,s20231,s2023,0,15.0,0.576830168421451
stb_individualized,s20231,s2023,1,20.0,0.720800947758881
stb_individualized,s20241,s2024,0,45.0,0.4920950987834307
stb_individualized,s20241,s2024,1,15.0,0.5144003816153973
stb_individualized,s20251,s2025,1,45.0,0.6440212614028384
stb_individualized,s20261,s2026,0,10.0,-0.1526288648402705
stb_individualized,s20261,s2026,1,10.0,-0.0889936982481745
stb_individualized,s20271,s2027,0,60.0,0.5418240471403133
stb_individualized,s20271,s2027,1,60.0,0.5641666090564323
stb_individualized,s20272,s2027,0,45.0,0.4863271739674973
stb_individualized,s20272,s2027,1,60.0,0.4519033384621144
stb_individualized,s20273,s2027,0,10.0,0.5049930143035585
stb_individualized,s20273,s2027,1,30.0,0.5844716819688559
stb_individualized,s20274,s2027,0,45.0,0.4927669507977474
stb_individualized,s20274,s2027,1,60.0,0.507019245507703
stb_individualized,s20281,s2028,0,300.0,0.1003825931917734
stb_individualized,s20291,s2029,0,10.0,-0.0285782865497172
stb_individualized,s20291,s2029,1,10.0,-0.3592076393824023
stb_individualized,s20301,s2030,0,10.0,-0.0360832055993703
stb_individualized,s20311,s2031,0,10.0,0.3026402911830708
stb_individualized,s20311,s2031,1,10.0,0.0793026310369932
stb_individualized,s20331,s2033,0,10.0,-2.476594162335548
stb_individualized,s20341,s2034,0,10.0,-0.2891099941838784
stb_individualized,s20351,s2035,0,30.0,0.109307489969579
stb_individualized,s20351,s2035,1,20.0,0.1637378364909217
stb_individualized,s20361,s2036,0,15.0,0.4375721208114299
stb_individualized,s20361,s2036,1,30.0,0.4996047913411261
stb_individualized,s20371,s2037,0,45.0,0.5302567432568188
stb_individualized,s20371,s2037,1,10.0,0.6637671942718367
stb_individualized,s20381,s2038,0,10.0,-1.615120959123029
stb_individualized,s20381,s2038,1,10.0,-1.311060719941319
stb_individualized,s20391,s2039,0,30.0,0.2335425967006753
stb_individualized,s20391,s2039,1,15.0,0.2026218326851835
stb_individualized,s20401,s2040,0,60.0,0.3453797627597144
stb_individualized,s20401,s2040,1,90.0,0.3325845677973151
stb_individualized,s20411,s2041,0,10.0,0.0036063974653542
stb_individualized,s20411,s2041,1,300.0,-0.016727237319138
stb_individualized,s20421,s2042,1,90.0,0.2330207032990387
stb_individualized,s20431,s2043,0,20.0,0.7171739944512272
stb_individualized,s20431,s2043,1,20.0,0.6275811644769465
stb_individualized,s20441,s2044,0,45.0,0.0407219698544588
stb_individualized,s20441,s2044,1,10.0,0.0807495405465018
stb_individualized,s20451,s2045,0,15.0,0.3460099567339202
stb_individualized,s20451,s2045,1,15.0,0.3940613388153696
stb_individualized,s20461,s2046,0,90.0,-0.5542881587213423
stb_individualized,s20461,s2046,1,10.0,-0.0526223860876075
stb_individualized,s20471,s2047,1,10.0,0.2921755280791703
stb_individualized,s20481,s2048,0,45.0,0.0074292054601118
stb_individualized,s20491,s2049,0,45.0,0.3553927175159072
stb_individualized,s20511,s2051,0,10.0,-0.5342824441839393
stb_individualized,s20511,s2051,1,10.0,-0.3747860337411091
stb_individualized,s20521,s2052,0,300.0,0.0619676854368932
stb_individualized,s20541,s2054,0,15.0,0.5431052983842057
stb_individualized,s20541,s2054,1,30.0,0.2733060660341909
stb_individualized,s20551,s2055,0,10.0,-0.3634422072837874
stb_individualized,s20551,s2055,1,10.0,-0.4425519660084642
stb_individualized,s20561,s2056,0,10.0,-0.0876125153016158
stb_individualized,s20571,s2057,0,10.0,-1.2191506079694157
stb_individualized,s20581,s2058,0,10.0,0.5768254505964616
stb_individualized,s20591,s2059,0,45.0,0.1352349619674163
stb_individualized,s20601,s2060,1,10.0,0.0841573826548941
stb_individualized,s20611,s2061,1,10.0,0.3894962339431034
stb_individualized,s20621,s2062,0,10.0,-0.293408331204234
stb_individualized,s20621,s2062,1,10.0,-0.2075214971079471
stb_individualized,s20631,s2063,0,10.0,0.5290861628323021
stb_individualized,s20641,s2064,0,45.0,0.4807250151518447
stb_individualized,s20641,s2064,1,30.0,0.4479196883244869
stb_individualized,s20651,s2065,0,10.0,-0.5008193607233935
stb_individualized,s30661,s3066,0,10.0,-1.0707958254713947
stb_individualized,s30661,s3066,1,10.0,-0.9780135541768544
stb_individualized,s30661,s3066,2,10.0,-0.612669889908242
stb_individualized,s30671,s3067,0,10.0,-0.1405520567636254
stb_individualized,s30671,s3067,1,10.0,-0.2207584083775514
stb_individualized,s30681,s3068,0,30.0,0.419014797618753
stb_individualized,s30681,s3068,1,20.0,0.2261651940728059
stb_individualized,s30681,s3068,2,30.0,0.2235983552601125
stb_individualized,s30691,s3069,1,45.0,-0.0210070814505294
stb_individualized,s30691,s3069,2,30.0,0.2294062475523449
stb_individualized,s30701,s3070,1,45.0,0.5711471019486809
stb_individualized,s30701,s3070,2,45.0,0.6388483123444576
stb_individualized,s30711,s3071,0,150.0,-0.028250710826127
stb_individualized,s30711,s3071,1,20.0,0.1885203673218378
stb_individualized,s30711,s3071,2,60.0,0.1144253808708443
stb_individualized,s30721,s3072,0,30.0,-0.2915949941562141
stb_individualized,s30721,s3072,1,30.0,-0.199162160254075
stb_individualized,s30731,s3073,1,10.0,0.5766731278390047
stb_individualized,s30731,s3073,2,10.0,0.5290188345993807
stb_individualized,s30732,s3073,1,30.0,0.4052711478402109
stb_individualized,s30732,s3073,2,30.0,0.2490771507700624
stb_individualized,s30741,s3074,0,15.0,0.3514852785545014
stb_individualized,s30741,s3074,1,10.0,0.4318604258249708
stb_individualized,s30741,s3074,2,10.0,0.2852319443100224
stb_individualized,s30742,s3074,0,10.0,0.2686957361522712
stb_individualized,s30742,s3074,1,10.0,0.3612829581447652
stb_individualized,s30742,s3074,2,10.0,0.219089685269983
stb_individualized,s30751,s3075,0,60.0,0.3997226371038972
stb_individualized,s30751,s3075,1,60.0,0.0554959716130631
stb_individualized,s30751,s3075,2,60.0,0.1956741088927485
stb_individualized,s30761,s3076,1,120.0,0.1831783701023061
stb_individualized,s30761,s3076,2,60.0,-0.0742938897196155
stb_individualized,s30771,s3077,1,300.0,-0.9112567647539608
stb_individualized,s30771,s3077,2,300.0,-0.9494324164373176
stb_individualized,s30781,s3078,0,10.0,-0.5205530612596632
stb_individualized,s30781,s3078,1,10.0,0.1956011832188236
stb_individualized,s30781,s3078,2,30.0,-0.5037506991457066
stb_individualized,s30791,s3079,1,150.0,0.2775551322403934
stb_individualized,s30791,s3079,2,90.0,0.4789074605815052
stb_individualized,s30801,s3080,2,30.0,-0.0151031530048298
stc_individualized,s20011,s2001,0,10.0,0.4785815886730079
stc_individualized,s20011,s2001,1,10.0,0.4415949961948825
stc_individualized,s20021,s2002,0,10.0,-0.1113201436719369
stc_individualized,s20021,s2002,1,10.0,-0.429774189996953
stc_individualized,s20031,s2003,0,10.0,-0.0684129984560784
stc_individualized,s20031,s2003,1,10.0,-0.1390132870040256
stc_individualized,s20041,s2004,0,180.0,0.1094382643013273
stc_individualized,s20041,s2004,1,60.0,0.2721335835755492
stc_individualized,s20061,s2006,0,45.0,0.5051014482804315
stc_individualized,s20071,s2007,0,30.0,0.2074879647154885
stc_individualized,s20081,s2008,0,30.0,0.5369871186544438
stc_individualized,s20091,s2009,0,20.0,0.6872535524749529
stc_individualized,s20091,s2009,1,20.0,0.803873191375717
stc_individualized,s20101,s2010,0,240.0,0.058401561161262
stc_individualized,s20101,s2010,1,240.0,-0.0116247850848453
stc_individualized,s20111,s2011,0,10.0,0.4932700567690982
stc_individualized,s20121,s2012,0,10.0,-0.7194200271763292
stc_individualized,s20131,s2013,0,60.0,0.6487638849855921
stc_individualized,s20141,s2014,0,10.0,0.2293287028545141
stc_individualized,s20141,s2014,1,45.0,0.3994834779256845
stc_individualized,s20151,s2015,1,20.0,-0.0944165269867758
stc_individualized,s20161,s2016,0,90.0,-0.13899330790553
stc_individualized,s20161,s2016,1,180.0,0.0805771117458449
stc_individualized,s20171,s2017,0,10.0,0.3085854741227301
stc_individualized,s20181,s2018,1,45.0,0.5095268030829856
stc_individualized,s20191,s2019,0,10.0,0.0530991481945085
stc_individualized,s20191,s2019,1,10.0,0.0615074262192167
stc_individualized,s20201,s2020,0,45.0,0.4259539818898433
stc_individualized,s20211,s2021,0,30.0,0.5577423941509763
stc_individualized,s20211,s2021,1,30.0,0.6133918733922765
stc_individualized,s20221,s2022,0,150.0,-0.4622471093126091
stc_individualized,s20231,s2023,0,15.0,0.576830168421451
stc_individualized,s20241,s2024,0,45.0,0.4917213454150877
stc_individualized,s20241,s2024,1,15.0,0.5227925382123755
stc_individualized,s20251,s2025,1,45.0,0.6474731321518283
stc_individualized,s20261,s2026,0,10.0,-0.1465747237307428
stc_individualized,s20261,s2026,1,10.0,-0.0509018611861773
stc_individualized,s20271,s2027,0,60.0,0.5426805876769173
stc_individualized,s20271,s2027,1,60.0,0.563641131571581
stc_individualized,s20272,s2027,0,45.0,0.4477632047953569
stc_individualized,s20272,s2027,1,60.0,0.4462862255667044
stc_individualized,s20273,s2027,0,10.0,0.4388804304932762
stc_individualized,s20273,s2027,1,10.0,0.5893232580866087
stc_individualized,s20274,s2027,0,45.0,0.4860501063227344
stc_individualized,s20274,s2027,1,60.0,0.5490112966576828
stc_individualized,s20281,s2028,0,300.0,0.0460093252250452
stc_individualized,s20291,s2029,0,10.0,-0.0287597126771373
stc_individualized,s20291,s2029,1,10.0,-0.3519954382132255
stc_individualized,s20301,s2030,0,10.0,-0.0384400803426372
stc_individualized,s20311,s2031,0,10.0,0.3023119384893242
stc_individualized,s20311,s2031,1,10.0,0.1411858215970362
stc_individualized,s20331,s2033,0,10.0,-2.476594162335548
stc_individualized,s20341,s2034,0,10.0,-0.2694205510475312
stc_individualized,s20351,s2035,0,30.0,0.109307489969579
stc_individualized,s20351,s2035,1,20.0,0.1637378364909217
stc_individualized,s20361,s2036,0,15.0,0.4375721208114299
stc_individualized,s20361,s2036,1,30.0,0.4996047913411261
stc_individualized,s20371,s2037,0,45.0,0.5304205439346933
stc_individualized,s20371,s2037,1,10.0,0.682819324076862
stc_individualized,s20381,s2038,0,10.0,-1.6142023899837514
stc_individualized,s20381,s2038,1,10.0,-1.311060719941319
stc_individualized,s20391,s2039,0,30.0,0.2335425967006753
stc_individualized,s20391,s2039,1,15.0,0.1918735131194079
stc_individualized,s20401,s2040,0,45.0,0.3892480646362183
stc_individualized,s20401,s2040,1,60.0,0.3911394566453737
stc_individualized,s20411,s2041,0,10.0,0.018506933719811
stc_individualized,s20411,s2041,1,300.0,-0.0355463725546973
stc_individualized,s20421,s2042,1,90.0,0.3114588501468527
stc_individualized,s20431,s2043,0,20.0,0.7405916044606546
stc_individualized,s20431,s2043,1,20.0,0.6296513089290909
stc_individualized,s20441,s2044,0,45.0,0.0509154604230391
stc_individualized,s20441,s2044,1,10.0,0.0815070618972935
stc_individualized,s20451,s2045,0,15.0,0.3460099567339202
stc_individualized,s20451,s2045,1,15.0,0.3969756197623169
stc_individualized,s20461,s2046,0,150.0,-0.5822184576655713
stc_individualized,s20481,s2048,0,45.0,0.0074292054601118
stc_individualized,s20491,s2049,0,45.0,0.3607046067974174
stc_individualized,s20511,s2051,0,10.0,-0.5342824441839393
stc_individualized,s20511,s2051,1,10.0,-0.3747860337411091
stc_individualized,s20521,s2052,0,300.0,0.0450371058288268
stc_individualized,s20541,s2054,0,15.0,0.5560380661732114
stc_individualized,s20541,s2054,1,30.0,0.2733060660341909
stc_individualized,s20551,s2055,0,10.0,-0.3634422072837874
stc_individualized,s20551,s2055,1,10.0,-0.4425519660084642
stc_individualized,s20561,s2056,0,10.0,-0.0876125153016158
stc_individualized,s20571,s2057,0,10.0,-1.1924369313115837
stc_individualized,s20581,s2058,0,10.0,0.5740927827447778
stc_individualized,s20591,s2059,0,45.0,0.1572162784112963
stc_individualized,s20601,s2060,1,10.0,0.0841573826548941
stc_individualized,s20611,s2061,1,10.0,0.3963253501968821
stc_individualized,s20621,s2062,0,10.0,-0.3126921455414858
stc_individualized,s20621,s2062,1,10.0,-0.2208023867936468
stc_individualized,s20631,s2063,0,10.0,0.5290861628323021
stc_individualized,s20641,s2064,0,45.0,0.4966410659269202
stc_individualized,s20641,s2064,1,30.0,0.4586203936816835
stc_individualized,s20651,s2065,0,10.0,-0.4546554967908484
stc_individualized,s30661,s3066,0,10.0,-1.077599675145591
stc_individualized,s30661,s3066,1,10.0,-1.0005819826190472
stc_individualized,s30661,s3066,2,10.0,-0.612669889908242
stc_individualized,s30671,s3067,0,10.0,-0.0237802913584945
stc_individualized,s30671,s3067,1,10.0,-0.1811244077757844
stc_individualized,s30681,s3068,0,30.0,0.4255462668922353
stc_individualized,s30681,s3068,1,20.0,0.2164341328815885
stc_individualized,s30681,s3068,2,30.0,0.2719333023391007
stc_individualized,s30691,s3069,1,45.0,-0.0155768990196163
stc_individualized,s30691,s3069,2,20.0,0.2643041388363999
stc_individualized,s30701,s3070,1,45.0,0.5711471019486809
stc_individualized,s30701,s3070,2,45.0,0.6392053366631166
stc_individualized,s30711,s3071,0,300.0,-0.0578944060603845
stc_individualized,s30711,s3071,1,20.0,0.1885203673218378
stc_individualized,s30711,s3071,2,60.0,0.1428839832706385
stc_individualized,s30721,s3072,0,30.0,-0.2915949941562141
stc_individualized,s30721,s3072,1,30.0,-0.199162160254075
stc_individualized,s30731,s3073,1,10.0,0.5786330993517075
stc_individualized,s30731,s3073,2,10.0,0.5290188345993807
stc_individualized,s30732,s3073,1,30.0,0.4052711478402109
stc_individualized,s30732,s3073,2,30.0,0.2490771507700624
stc_individualized,s30741,s3074,0,10.0,0.3515958411825556
stc_individualized,s30741,s3074,1,10.0,0.4408590368561862
stc_individualized,s30741,s3074,2,10.0,0.3183711050033402
stc_individualized,s30742,s3074,0,10.0,0.2957107607574446
stc_individualized,s30742,s3074,1,10.0,0.3782123534227729
stc_individualized,s30742,s3074,2,10.0,0.2610549490152906
stc_individualized,s30751,s3075,0,60.0,0.3992259316252657
stc_individualized,s30751,s3075,1,60.0,0.0541537382441848
stc_individualized,s30751,s3075,2,60.0,0.1933576126411535
stc_individualized,s30761,s3076,1,120.0,0.2062339973873236
stc_individualized,s30771,s3077,1,300.0,-0.9100864740958208
stc_individualized,s30771,s3077,2,300.0,-0.9820156165733704
stc_individualized,s30781,s3078,0,10.0,-0.4225758198137597
stc_individualized,s30781,s3078,1,10.0,0.1956011832188236
stc_individualized,s30781,s3078,2,30.0,-0.5037506991457066
stc_individualized,s30791,s3079,1,150.0,0.2775551322403934
stc_individualized,s30791,s3079,2,90.0,0.4832681034526378
stc_individualized,s30801,s3080,2,30.0,-0.0187718945369252
